"","key","value","year"
"1","NDJ.AL",100894.353807388,1950
"2","NDJ.AL",100912.190297538,1951
"3","NDJ.AL",100828.113198273,1952
"4","NDJ.AL",99878.4833497173,1953
"5","NDJ.AL",100285.111523619,1954
"6","NDJ.AL",100354.988870795,1955
"7","NDJ.AL",101024.896846033,1956
"8","NDJ.AL",100958.060784991,1957
"9","NDJ.AL",99960.7857872806,1958
"10","NDJ.AL",100509.948030115,1959
"11","NDJ.AL",100143.327018526,1960
"12","NDJ.AL",99974.0256707474,1961
"13","NDJ.AL",100994.179398929,1962
"14","NDJ.AL",100270.27319463,1963
"15","NDJ.AL",99989.7708378845,1964
"16","NDJ.AL",100796.052425141,1965
"17","NDJ.AL",100802.653333446,1966
"18","NDJ.AL",100905.779815807,1967
"19","NDJ.AL",100634.683484474,1968
"20","NDJ.AL",100704.549780967,1969
"21","NDJ.AL",99761.7992949065,1970
"22","NDJ.AL",101035.034252458,1971
"23","NDJ.AL",101132.060367012,1972
"24","NDJ.AL",100585.237103899,1973
"25","NDJ.AL",100725.261625259,1974
"26","NDJ.AL",100269.593949231,1975
"27","NDJ.AL",100392.409060424,1976
"28","NDJ.AL",99587.3084473177,1977
"29","NDJ.AL",100178.963945317,1978
"30","NDJ.AL",100633.770462046,1979
"31","NDJ.AL",100275.485602586,1980
"32","NDJ.AL",99765.3158859524,1981
"33","NDJ.AL",100765.668217985,1982
"34","NDJ.AL",99768.2719083976,1983
"35","NDJ.AL",100239.972537829,1984
"36","NDJ.AL",100340.948684416,1985
"37","NDJ.AL",100205.297044923,1986
"38","NDJ.AL",99816.3359402436,1987
"39","NDJ.AL",100094.184993936,1988
"40","NDJ.AL",100696.543424593,1989
"41","NDJ.AL",100465.55935219,1990
"42","NDJ.AL",100864.652850161,1991
"43","NDJ.AL",99921.9172336252,1992
"44","NDJ.AL",100591.589636808,1993
"45","NDJ.AL",100481.910779879,1994
"46","NDJ.AL",100391.712018468,1995
"47","NDJ.AL",100388.329539363,1996
"48","NDJ.AL",100439.357901046,1997
"49","NDJ.AL",99837.2380180312,1998
"50","NDJ.AL",100414.16536533,1999
"51","NDJ.AL",100378.832860333,2000
"52","NDJ.AL",99901.4315163044,2001
"53","NDJ.AL",100140.436639552,2002
"54","NDJ.AL",99568.8514087044,2003
"55","NDJ.AL",100466.653017098,2004
"56","NDJ.AL",100392.961262708,2005
"57","NDJ.AL",100435.902786814,2006
"58","NDJ.AL",100506.922958476,2007
"59","NDJ.AL",100394.76661202,2008
"60","NDJ.AL",100878.31980431,2009
"61","NDJ.AL",99882.351494295,2010
"62","NDJ.AL",100924.767292835,2011
"63","NDJ.AL",100557.263580582,2012
"64","NDJ.NPI",101219.786536239,1950
"65","NDJ.NPI",101196.876356156,1951
"66","NDJ.NPI",101220.957845316,1952
"67","NDJ.NPI",100592.743468697,1953
"68","NDJ.NPI",100889.006624182,1954
"69","NDJ.NPI",100868.326750693,1955
"70","NDJ.NPI",101248.670352849,1956
"71","NDJ.NPI",101180.256367585,1957
"72","NDJ.NPI",100782.82651035,1958
"73","NDJ.NPI",100900.610209965,1959
"74","NDJ.NPI",100874.073802437,1960
"75","NDJ.NPI",100627.597434368,1961
"76","NDJ.NPI",101162.92137826,1962
"77","NDJ.NPI",100683.307538769,1963
"78","NDJ.NPI",100732.46360293,1964
"79","NDJ.NPI",101032.595022787,1965
"80","NDJ.NPI",101074.415458534,1966
"81","NDJ.NPI",101057.276442179,1967
"82","NDJ.NPI",101148.431559297,1968
"83","NDJ.NPI",101135.944826031,1969
"84","NDJ.NPI",100664.941123881,1970
"85","NDJ.NPI",101371.258034032,1971
"86","NDJ.NPI",101347.603490301,1972
"87","NDJ.NPI",101024.198314399,1973
"88","NDJ.NPI",100960.574750431,1974
"89","NDJ.NPI",100957.300475182,1975
"90","NDJ.NPI",100814.265592351,1976
"91","NDJ.NPI",100418.467205293,1977
"92","NDJ.NPI",100818.734134847,1978
"93","NDJ.NPI",101040.795489072,1979
"94","NDJ.NPI",100995.960377853,1980
"95","NDJ.NPI",100397.434911054,1981
"96","NDJ.NPI",100921.593919287,1982
"97","NDJ.NPI",100583.39128181,1983
"98","NDJ.NPI",100693.000589277,1984
"99","NDJ.NPI",100658.356217263,1985
"100","NDJ.NPI",100595.320357239,1986
"101","NDJ.NPI",100592.01454031,1987
"102","NDJ.NPI",100874.440315999,1988
"103","NDJ.NPI",101054.531721138,1989
"104","NDJ.NPI",100904.907717756,1990
"105","NDJ.NPI",101355.319196582,1991
"106","NDJ.NPI",100533.137342829,1992
"107","NDJ.NPI",101130.39946009,1993
"108","NDJ.NPI",100991.130376417,1994
"109","NDJ.NPI",100853.908824588,1995
"110","NDJ.NPI",100719.857457331,1996
"111","NDJ.NPI",100855.62199553,1997
"112","NDJ.NPI",100673.511599257,1998
"113","NDJ.NPI",100983.803243899,1999
"114","NDJ.NPI",101226.804133952,2000
"115","NDJ.NPI",100469.058323173,2001
"116","NDJ.NPI",100752.199443305,2002
"117","NDJ.NPI",100294.910220727,2003
"118","NDJ.NPI",100958.560382436,2004
"119","NDJ.NPI",100865.636036848,2005
"120","NDJ.NPI",100821.626786863,2006
"121","NDJ.NPI",101012.287416899,2007
"122","NDJ.NPI",100942.228868756,2008
"123","NDJ.NPI",101215.345482997,2009
"124","NDJ.NPI",100638.588896217,2010
"125","NDJ.NPI",101127.26185188,2011
"126","NDJ.NPI",101141.168727326,2012
"127","FMA.PDO",-1.74666666666667,1950
"128","FMA.PDO",-1.10666666666667,1951
"129","FMA.PDO",-0.713333333333333,1952
"130","FMA.PDO",-0.38,1953
"131","FMA.PDO",-1.15333333333333,1954
"132","FMA.PDO",-1.58333333333333,1955
"133","FMA.PDO",-2.49,1956
"134","FMA.PDO",-0.41,1957
"135","FMA.PDO",0.643333333333333,1958
"136","FMA.PDO",-0.466666666666667,1959
"137","FMA.PDO",0.133333333333333,1960
"138","FMA.PDO",0.286666666666667,1961
"139","FMA.PDO",-1.12333333333333,1962
"140","FMA.PDO",-0.37,1963
"141","FMA.PDO",-0.703333333333333,1964
"142","FMA.PDO",-0.166666666666667,1965
"143","FMA.PDO",-0.42,1966
"144","FMA.PDO",-0.756666666666667,1967
"145","FMA.PDO",-0.58,1968
"146","FMA.PDO",-0.63,1969
"147","FMA.PDO",0.73,1970
"148","FMA.PDO",-1.67,1971
"149","FMA.PDO",-1.85666666666667,1972
"150","FMA.PDO",-0.6,1973
"151","FMA.PDO",-1.02333333333333,1974
"152","FMA.PDO",-0.84,1975
"153","FMA.PDO",-1.23333333333333,1976
"154","FMA.PDO",0.71,1977
"155","FMA.PDO",1.36,1978
"156","FMA.PDO",-0.0466666666666667,1979
"157","FMA.PDO",1.3,1980
"158","FMA.PDO",1.3,1981
"159","FMA.PDO",0.0666666666666667,1982
"160","FMA.PDO",1.70666666666667,1983
"161","FMA.PDO",1.5,1984
"162","FMA.PDO",0.566666666666667,1985
"163","FMA.PDO",1.78,1986
"164","FMA.PDO",2.00333333333333,1987
"165","FMA.PDO",1.2,1988
"166","FMA.PDO",-0.723333333333333,1989
"167","FMA.PDO",-0.333333333333333,1990
"168","FMA.PDO",-0.98,1991
"169","FMA.PDO",0.576666666666667,1992
"170","FMA.PDO",0.72,1993
"171","FMA.PDO",0.813333333333333,1994
"172","FMA.PDO",0.68,1995
"173","FMA.PDO",1.07333333333333,1996
"174","FMA.PDO",0.66,1997
"175","FMA.PDO",1.61333333333333,1998
"176","FMA.PDO",-0.466666666666667,1999
"177","FMA.PDO",-0.0633333333333333,2000
"178","FMA.PDO",0.143333333333333,2001
"179","FMA.PDO",-0.463333333333333,2002
"180","FMA.PDO",1.48,2003
"181","FMA.PDO",0.553333333333333,2004
"182","FMA.PDO",1.06666666666667,2005
"183","FMA.PDO",0.37,2006
"184","FMA.PDO",-0.0533333333333333,2007
"185","FMA.PDO",-1,2008
"186","FMA.PDO",-1.59666666666667,2009
"187","FMA.PDO",0.68,2010
"188","FMA.PDO",-0.646666666666667,2011
"189","FMA.PDO",-0.723333333333333,2012
"190","FMA.NPGO",-1.09333333333333,1950
"191","FMA.NPGO",-0.513333333333333,1951
"192","FMA.NPGO",-0.73,1952
"193","FMA.NPGO",1.07333333333333,1953
"194","FMA.NPGO",0.29,1954
"195","FMA.NPGO",-0.143333333333333,1955
"196","FMA.NPGO",-0.0533333333333333,1956
"197","FMA.NPGO",-1.52,1957
"198","FMA.NPGO",-0.573333333333333,1958
"199","FMA.NPGO",-0.476666666666667,1959
"200","FMA.NPGO",0.823333333333333,1960
"201","FMA.NPGO",1.35666666666667,1961
"202","FMA.NPGO",-0.41,1962
"203","FMA.NPGO",-0.73,1963
"204","FMA.NPGO",0.296666666666667,1964
"205","FMA.NPGO",-0.886666666666667,1965
"206","FMA.NPGO",-1.02666666666667,1966
"207","FMA.NPGO",-0.873333333333333,1967
"208","FMA.NPGO",-0.806666666666667,1968
"209","FMA.NPGO",-0.55,1969
"210","FMA.NPGO",-0.316666666666667,1970
"211","FMA.NPGO",0.453333333333333,1971
"212","FMA.NPGO",-0.593333333333333,1972
"213","FMA.NPGO",-0.206666666666667,1973
"214","FMA.NPGO",-0.136666666666667,1974
"215","FMA.NPGO",0.783333333333333,1975
"216","FMA.NPGO",1.76666666666667,1976
"217","FMA.NPGO",1.67666666666667,1977
"218","FMA.NPGO",0.77,1978
"219","FMA.NPGO",-0.63,1979
"220","FMA.NPGO",-0.98,1980
"221","FMA.NPGO",-0.793333333333333,1981
"222","FMA.NPGO",-0.853333333333333,1982
"223","FMA.NPGO",0.06,1983
"224","FMA.NPGO",0.76,1984
"225","FMA.NPGO",0.163333333333333,1985
"226","FMA.NPGO",-0.963333333333333,1986
"227","FMA.NPGO",0.51,1987
"228","FMA.NPGO",1.11333333333333,1988
"229","FMA.NPGO",0.79,1989
"230","FMA.NPGO",0.203333333333333,1990
"231","FMA.NPGO",-0.44,1991
"232","FMA.NPGO",-0.903333333333333,1992
"233","FMA.NPGO",-1.54666666666667,1993
"234","FMA.NPGO",-1.76333333333333,1994
"235","FMA.NPGO",-1.81,1995
"236","FMA.NPGO",-0.88,1996
"237","FMA.NPGO",-0.746666666666667,1997
"238","FMA.NPGO",1.10333333333333,1998
"239","FMA.NPGO",1.97333333333333,1999
"240","FMA.NPGO",2.21333333333333,2000
"241","FMA.NPGO",2.51666666666667,2001
"242","FMA.NPGO",1.66,2002
"243","FMA.NPGO",1.19333333333333,2003
"244","FMA.NPGO",0.393333333333333,2004
"245","FMA.NPGO",-1.55666666666667,2005
"246","FMA.NPGO",-0.783333333333333,2006
"247","FMA.NPGO",-0.143333333333333,2007
"248","FMA.NPGO",1.30333333333333,2008
"249","FMA.NPGO",0.553333333333333,2009
"250","FMA.NPGO",1.55666666666667,2010
"251","FMA.NPGO",0.783333333333333,2011
"252","FMA.NPGO",1.30333333333333,2012
"253","NDJ.grad",3.49552408854167,1950
"254","NDJ.grad",3.28474934895833,1951
"255","NDJ.grad",1.90020751953125,1952
"256","NDJ.grad",12.5478515625,1953
"257","NDJ.grad",8.83638509114583,1954
"258","NDJ.grad",11.1546020507812,1955
"259","NDJ.grad",3.03120930989583,1956
"260","NDJ.grad",8.02370198567708,1957
"261","NDJ.grad",11.8528645833333,1958
"262","NDJ.grad",8.8426513671875,1959
"263","NDJ.grad",13.9070231119792,1960
"264","NDJ.grad",12.3538411458333,1961
"265","NDJ.grad",7.62095133463542,1962
"266","NDJ.grad",8.25858561197917,1963
"267","NDJ.grad",10.3017171223958,1964
"268","NDJ.grad",5.08406575520833,1965
"269","NDJ.grad",4.0008544921875,1966
"270","NDJ.grad",2.72690836588542,1967
"271","NDJ.grad",3.94720458984375,1968
"272","NDJ.grad",5.20218912760417,1969
"273","NDJ.grad",11.7917277018229,1970
"274","NDJ.grad",2.62361653645833,1971
"275","NDJ.grad",4.09840901692708,1972
"276","NDJ.grad",5.49399820963542,1973
"277","NDJ.grad",2.50142415364583,1974
"278","NDJ.grad",10.4314982096354,1975
"279","NDJ.grad",9.12884521484375,1976
"280","NDJ.grad",17.3314005533854,1977
"281","NDJ.grad",5.10394287109375,1978
"282","NDJ.grad",9.61104329427083,1979
"283","NDJ.grad",8.48246256510417,1980
"284","NDJ.grad",11.252685546875,1981
"285","NDJ.grad",7.36897786458333,1982
"286","NDJ.grad",10.6769002278646,1983
"287","NDJ.grad",7.85693359375,1984
"288","NDJ.grad",10.2679443359375,1985
"289","NDJ.grad",11.3965250651042,1986
"290","NDJ.grad",13.8614908854167,1987
"291","NDJ.grad",10.5709635416667,1988
"292","NDJ.grad",10.0511271158854,1989
"293","NDJ.grad",10.31689453125,1990
"294","NDJ.grad",3.83951822916667,1991
"295","NDJ.grad",13.4372151692708,1992
"296","NDJ.grad",7.97591145833333,1993
"297","NDJ.grad",11.1377766927083,1994
"298","NDJ.grad",7.57958984375,1995
"299","NDJ.grad",3.36930338541667,1996
"300","NDJ.grad",5.55128987630208,1997
"301","NDJ.grad",11.3330485026042,1998
"302","NDJ.grad",6.74287923177083,1999
"303","NDJ.grad",11.9504597981771,2000
"304","NDJ.grad",13.7721761067708,2001
"305","NDJ.grad",9.8465576171875,2002
"306","NDJ.grad",10.6360066731771,2003
"307","NDJ.grad",6.89272054036458,2004
"308","NDJ.grad",9.56172688802083,2005
"309","NDJ.grad",10.7076619466146,2006
"310","NDJ.grad",9.50608317057292,2007
"311","NDJ.grad",9.23531087239583,2008
"312","NDJ.grad",8.33624267578125,2009
"313","NDJ.grad",9.76727294921875,2010
"314","NDJ.grad",6.70094807942708,2011
"315","NDJ.grad",10.6034342447917,2012
"316","FMA.FW",NA,1950
"317","FMA.FW",NA,1951
"318","FMA.FW",NA,1952
"319","FMA.FW",NA,1953
"320","FMA.FW",NA,1954
"321","FMA.FW",NA,1955
"322","FMA.FW",NA,1956
"323","FMA.FW",NA,1957
"324","FMA.FW",NA,1958
"325","FMA.FW",NA,1959
"326","FMA.FW",NA,1960
"327","FMA.FW",NA,1961
"328","FMA.FW",-0.533046650031724,1962
"329","FMA.FW",-0.00826974588833338,1963
"330","FMA.FW",0.207790829862448,1964
"331","FMA.FW",-0.340034632258433,1965
"332","FMA.FW",-0.485489585867619,1966
"333","FMA.FW",-0.839996137109925,1967
"334","FMA.FW",-0.22712814588608,1968
"335","FMA.FW",-1.44752276471695,1969
"336","FMA.FW",0.711393309244983,1970
"337","FMA.FW",-1.03844514320623,1971
"338","FMA.FW",-1.51887364324844,1972
"339","FMA.FW",-0.466097086381111,1973
"340","FMA.FW",-1.2275730121607,1974
"341","FMA.FW",-0.308541326231259,1975
"342","FMA.FW",-0.549546755181102,1976
"343","FMA.FW",1.44689510307558,1977
"344","FMA.FW",-0.720682386585017,1978
"345","FMA.FW",-0.167448459052087,1979
"346","FMA.FW",1.10845867087624,1980
"347","FMA.FW",1.00278581079794,1981
"348","FMA.FW",-1.31386914006521,1982
"349","FMA.FW",-0.216177694824307,1983
"350","FMA.FW",0.259141134036295,1984
"351","FMA.FW",-0.213290016384291,1985
"352","FMA.FW",-0.312833982504345,1986
"353","FMA.FW",0.953098371441645,1987
"354","FMA.FW",1.37815958160629,1988
"355","FMA.FW",-0.845066208577423,1989
"356","FMA.FW",0.986798527076754,1990
"357","FMA.FW",0.2240940672199,1991
"358","FMA.FW",1.30077307167488,1992
"359","FMA.FW",0.953928454037945,1993
"360","FMA.FW",0.808309500181664,1994
"361","FMA.FW",-0.201402157037809,1995
"362","FMA.FW",-0.39384368338191,1996
"363","FMA.FW",0.0877348600496596,1997
"364","FMA.FW",0.226209358452152,1998
"365","FMA.FW",-0.248401485370967,1999
"366","FMA.FW",1.37794995821612,2000
"367","FMA.FW",0.454125238094116,2001
"368","FMA.FW",-0.99152933354763,2002
"369","FMA.FW",0.30038419660616,2003
"370","FMA.FW",0.914213091039034,2004
"371","FMA.FW",1.44753837385325,2005
"372","FMA.FW",-0.772766186992831,2006
"373","FMA.FW",-0.075589921461728,2007
"374","FMA.FW",-0.155587443821475,2008
"375","FMA.FW",-0.530728779668116,2009
"376","FMA.FW",NA,2010
"377","FMA.FW",NA,2011
"378","FMA.FW",NA,2012
"379","MJJ.FW",NA,1950
"380","MJJ.FW",NA,1951
"381","MJJ.FW",NA,1952
"382","MJJ.FW",NA,1953
"383","MJJ.FW",NA,1954
"384","MJJ.FW",NA,1955
"385","MJJ.FW",NA,1956
"386","MJJ.FW",NA,1957
"387","MJJ.FW",NA,1958
"388","MJJ.FW",NA,1959
"389","MJJ.FW",NA,1960
"390","MJJ.FW",NA,1961
"391","MJJ.FW",-0.533046650031724,1962
"392","MJJ.FW",-0.00826974588833338,1963
"393","MJJ.FW",0.207790829862448,1964
"394","MJJ.FW",-0.340034632258433,1965
"395","MJJ.FW",-0.485489585867619,1966
"396","MJJ.FW",-0.839996137109925,1967
"397","MJJ.FW",-0.22712814588608,1968
"398","MJJ.FW",-1.44752276471695,1969
"399","MJJ.FW",0.711393309244983,1970
"400","MJJ.FW",-1.03844514320623,1971
"401","MJJ.FW",-1.51887364324844,1972
"402","MJJ.FW",-0.466097086381111,1973
"403","MJJ.FW",-1.2275730121607,1974
"404","MJJ.FW",-0.308541326231259,1975
"405","MJJ.FW",-0.549546755181102,1976
"406","MJJ.FW",1.44689510307558,1977
"407","MJJ.FW",-0.720682386585017,1978
"408","MJJ.FW",-0.167448459052087,1979
"409","MJJ.FW",1.10845867087624,1980
"410","MJJ.FW",1.00278581079794,1981
"411","MJJ.FW",-1.31386914006521,1982
"412","MJJ.FW",-0.216177694824307,1983
"413","MJJ.FW",0.259141134036295,1984
"414","MJJ.FW",-0.213290016384291,1985
"415","MJJ.FW",-0.312833982504345,1986
"416","MJJ.FW",0.953098371441645,1987
"417","MJJ.FW",1.37815958160629,1988
"418","MJJ.FW",-0.845066208577423,1989
"419","MJJ.FW",0.986798527076754,1990
"420","MJJ.FW",0.2240940672199,1991
"421","MJJ.FW",1.30077307167488,1992
"422","MJJ.FW",0.953928454037945,1993
"423","MJJ.FW",0.808309500181664,1994
"424","MJJ.FW",-0.201402157037809,1995
"425","MJJ.FW",-0.39384368338191,1996
"426","MJJ.FW",0.0877348600496596,1997
"427","MJJ.FW",0.226209358452152,1998
"428","MJJ.FW",-0.248401485370967,1999
"429","MJJ.FW",1.37794995821612,2000
"430","MJJ.FW",0.454125238094116,2001
"431","MJJ.FW",-0.99152933354763,2002
"432","MJJ.FW",0.30038419660616,2003
"433","MJJ.FW",0.914213091039034,2004
"434","MJJ.FW",1.44753837385325,2005
"435","MJJ.FW",-0.772766186992831,2006
"436","MJJ.FW",-0.075589921461728,2007
"437","MJJ.FW",-0.155587443821475,2008
"438","MJJ.FW",-0.530728779668116,2009
"439","MJJ.FW",NA,2010
"440","MJJ.FW",NA,2011
"441","MJJ.FW",NA,2012
"442","FMA.sal",NA,1950
"443","FMA.sal",NA,1951
"444","FMA.sal",NA,1952
"445","FMA.sal",NA,1953
"446","FMA.sal",NA,1954
"447","FMA.sal",NA,1955
"448","FMA.sal",NA,1956
"449","FMA.sal",NA,1957
"450","FMA.sal",NA,1958
"451","FMA.sal",NA,1959
"452","FMA.sal",NA,1960
"453","FMA.sal",NA,1961
"454","FMA.sal",NA,1962
"455","FMA.sal",NA,1963
"456","FMA.sal",NA,1964
"457","FMA.sal",NA,1965
"458","FMA.sal",NA,1966
"459","FMA.sal",NA,1967
"460","FMA.sal",NA,1968
"461","FMA.sal",NA,1969
"462","FMA.sal",NA,1970
"463","FMA.sal",31.719,1971
"464","FMA.sal",31.995,1972
"465","FMA.sal",NA,1973
"466","FMA.sal",31.7596666666667,1974
"467","FMA.sal",31.4883333333333,1975
"468","FMA.sal",31.6535,1976
"469","FMA.sal",30.883,1977
"470","FMA.sal",31.4485,1978
"471","FMA.sal",31.5438,1979
"472","FMA.sal",NA,1980
"473","FMA.sal",NA,1981
"474","FMA.sal",31.678,1982
"475","FMA.sal",31.2561666666667,1983
"476","FMA.sal",NA,1984
"477","FMA.sal",31.161,1985
"478","FMA.sal",31.343,1986
"479","FMA.sal",31.0505,1987
"480","FMA.sal",31.0326666666667,1988
"481","FMA.sal",31.687,1989
"482","FMA.sal",31.479,1990
"483","FMA.sal",31.535,1991
"484","FMA.sal",31.1016666666667,1992
"485","FMA.sal",31.062,1993
"486","FMA.sal",31.331,1994
"487","FMA.sal",31.3025,1995
"488","FMA.sal",31.6095,1996
"489","FMA.sal",31.2326666666667,1997
"490","FMA.sal",31.051,1998
"491","FMA.sal",31.653,1999
"492","FMA.sal",31.0254285714286,2000
"493","FMA.sal",31.225,2001
"494","FMA.sal",31.4695,2002
"495","FMA.sal",30.8858888888889,2003
"496","FMA.sal",31.276,2004
"497","FMA.sal",30.9443333333333,2005
"498","FMA.sal",31.1213333333333,2006
"499","FMA.sal",31.578,2007
"500","FMA.sal",31.1005,2008
"501","FMA.sal",31.3776666666667,2009
"502","FMA.sal",31.2453333333333,2010
"503","FMA.sal",31.484,2011
"504","FMA.sal",31.3795,2012
"505","FMA.WS",0.109047897648112,1950
"506","FMA.WS",0.0709149530523929,1951
"507","FMA.WS",0.0829754165914001,1952
"508","FMA.WS",0.0836025453788651,1953
"509","FMA.WS",0.0544919216870956,1954
"510","FMA.WS",0.0638959226120546,1955
"511","FMA.WS",0.0608888922544272,1956
"512","FMA.WS",0.0561304728723179,1957
"513","FMA.WS",0.0885961507488082,1958
"514","FMA.WS",0.0768482686983973,1959
"515","FMA.WS",0.0817343950761278,1960
"516","FMA.WS",0.0817123505848302,1961
"517","FMA.WS",0.0543200912216214,1962
"518","FMA.WS",0.0845517956549585,1963
"519","FMA.WS",0.0800721001756599,1964
"520","FMA.WS",0.0705167299397553,1965
"521","FMA.WS",0.066795707752065,1966
"522","FMA.WS",0.0718420743536742,1967
"523","FMA.WS",0.0784320482464741,1968
"524","FMA.WS",0.0690053017998039,1969
"525","FMA.WS",0.0984820629820511,1970
"526","FMA.WS",0.0745508487251213,1971
"527","FMA.WS",0.0744729171003059,1972
"528","FMA.WS",0.0599872905113368,1973
"529","FMA.WS",0.0829783883074067,1974
"530","FMA.WS",0.0597254974501867,1975
"531","FMA.WS",0.0510909469064951,1976
"532","FMA.WS",0.104084074979493,1977
"533","FMA.WS",0.0922552177855724,1978
"534","FMA.WS",0.0779673681484812,1979
"535","FMA.WS",0.0950511578887229,1980
"536","FMA.WS",0.0810594196639074,1981
"537","FMA.WS",0.066536880506133,1982
"538","FMA.WS",0.106917415232747,1983
"539","FMA.WS",0.0896451781302045,1984
"540","FMA.WS",0.0811360684935672,1985
"541","FMA.WS",0.0927446421998381,1986
"542","FMA.WS",0.0734434607341096,1987
"543","FMA.WS",0.110765909683186,1988
"544","FMA.WS",0.072589133489115,1989
"545","FMA.WS",0.0652289869074891,1990
"546","FMA.WS",0.0748908067454476,1991
"547","FMA.WS",0.0734181206131666,1992
"548","FMA.WS",0.0825973973256479,1993
"549","FMA.WS",0.0627000711175339,1994
"550","FMA.WS",0.0855940963213193,1995
"551","FMA.WS",0.0646203505449604,1996
"552","FMA.WS",0.0960439781429989,1997
"553","FMA.WS",0.10694503623358,1998
"554","FMA.WS",0.0817792263084996,1999
"555","FMA.WS",0.0877747390163824,2000
"556","FMA.WS",0.0716956468774653,2001
"557","FMA.WS",0.0649725096593888,2002
"558","FMA.WS",0.0715611133600511,2003
"559","FMA.WS",0.0808626723751285,2004
"560","FMA.WS",0.0751529645658035,2005
"561","FMA.WS",0.072442146887523,2006
"562","FMA.WS",0.10901374673832,2007
"563","FMA.WS",0.0790349826048884,2008
"564","FMA.WS",0.0565183685748317,2009
"565","FMA.WS",0.102868945066268,2010
"566","FMA.WS",NA,2011
"567","FMA.WS",NA,2012
"568","FMA.x.WS",-0.0879995510355844,1950
"569","FMA.x.WS",-0.0375407824511199,1951
"570","FMA.x.WS",-0.0648895602046571,1952
"571","FMA.x.WS",-0.0699685722070804,1953
"572","FMA.x.WS",-0.0257502837579358,1954
"573","FMA.x.WS",-0.0117924333655573,1955
"574","FMA.x.WS",-0.0355778055101405,1956
"575","FMA.x.WS",-0.0375437092529379,1957
"576","FMA.x.WS",-0.0837407485240694,1958
"577","FMA.x.WS",-0.0246131091670044,1959
"578","FMA.x.WS",-0.0848176626256489,1960
"579","FMA.x.WS",-0.0496913477805443,1961
"580","FMA.x.WS",-0.0456561048296486,1962
"581","FMA.x.WS",-0.0364254053114752,1963
"582","FMA.x.WS",0.000703850130787892,1964
"583","FMA.x.WS",-0.0400354574884391,1965
"584","FMA.x.WS",-0.026228163412532,1966
"585","FMA.x.WS",-0.0152296892263085,1967
"586","FMA.x.WS",-0.0687570881830484,1968
"587","FMA.x.WS",-0.0667245377508417,1969
"588","FMA.x.WS",-0.0579107974019786,1970
"589","FMA.x.WS",-0.0504420391928122,1971
"590","FMA.x.WS",-0.0384724052158995,1972
"591","FMA.x.WS",-0.0461550199093382,1973
"592","FMA.x.WS",-0.0515586109506984,1974
"593","FMA.x.WS",-0.0473654933538011,1975
"594","FMA.x.WS",-0.0331849457602623,1976
"595","FMA.x.WS",-0.0588319185630581,1977
"596","FMA.x.WS",-0.091231715565871,1978
"597","FMA.x.WS",-0.0584853131516348,1979
"598","FMA.x.WS",-0.102882218943505,1980
"599","FMA.x.WS",-0.0678023161405858,1981
"600","FMA.x.WS",-0.0262259152454927,1982
"601","FMA.x.WS",-0.0943618859993264,1983
"602","FMA.x.WS",-0.058997676436089,1984
"603","FMA.x.WS",-0.0289671693187558,1985
"604","FMA.x.WS",-0.0692659529760701,1986
"605","FMA.x.WS",-0.0806366927849436,1987
"606","FMA.x.WS",-0.101668742922373,1988
"607","FMA.x.WS",-0.0378790503174651,1989
"608","FMA.x.WS",-0.0496974210738046,1990
"609","FMA.x.WS",-0.0512679457765223,1991
"610","FMA.x.WS",-0.0488447050502204,1992
"611","FMA.x.WS",-0.0895190366263528,1993
"612","FMA.x.WS",-0.0646112678168661,1994
"613","FMA.x.WS",-0.0812776936512713,1995
"614","FMA.x.WS",-0.0560185125014371,1996
"615","FMA.x.WS",-0.0955995688799612,1997
"616","FMA.x.WS",-0.10411176872726,1998
"617","FMA.x.WS",-0.0439722838557351,1999
"618","FMA.x.WS",-0.076198622037304,2000
"619","FMA.x.WS",-0.0541650768381492,2001
"620","FMA.x.WS",-0.0455324363095441,2002
"621","FMA.x.WS",-0.0642144429229176,2003
"622","FMA.x.WS",-0.0810243094552453,2004
"623","FMA.x.WS",-0.0651384761151943,2005
"624","FMA.x.WS",-0.0485467285338354,2006
"625","FMA.x.WS",-0.0768808901342838,2007
"626","FMA.x.WS",-0.0728275489238931,2008
"627","FMA.x.WS",-0.0243642762248535,2009
"628","FMA.x.WS",-0.0981610141344923,2010
"629","FMA.x.WS",NA,2011
"630","FMA.x.WS",NA,2012
"631","MJJ.x.WS",-0.029094030510998,1950
"632","MJJ.x.WS",-0.0187050544752077,1951
"633","MJJ.x.WS",-0.0169730907226946,1952
"634","MJJ.x.WS",-0.0186511236617462,1953
"635","MJJ.x.WS",-0.0233422740080276,1954
"636","MJJ.x.WS",-0.0315513951481224,1955
"637","MJJ.x.WS",-0.0234496075806852,1956
"638","MJJ.x.WS",-0.00912061136532054,1957
"639","MJJ.x.WS",-0.0142859272645592,1958
"640","MJJ.x.WS",-0.0109910309959785,1959
"641","MJJ.x.WS",-0.0212425358450794,1960
"642","MJJ.x.WS",-0.0267865849758108,1961
"643","MJJ.x.WS",-0.00490692970015884,1962
"644","MJJ.x.WS",-0.00696833168175659,1963
"645","MJJ.x.WS",-0.00306621171007744,1964
"646","MJJ.x.WS",-0.0217286389467774,1965
"647","MJJ.x.WS",-0.00895019056305792,1966
"648","MJJ.x.WS",-0.0082414612296136,1967
"649","MJJ.x.WS",-0.0159001716277186,1968
"650","MJJ.x.WS",-0.0221580363621264,1969
"651","MJJ.x.WS",-0.0254955393211629,1970
"652","MJJ.x.WS",-0.0334298618552737,1971
"653","MJJ.x.WS",-0.0210250694475446,1972
"654","MJJ.x.WS",-0.0380593659579166,1973
"655","MJJ.x.WS",-0.0169897466258225,1974
"656","MJJ.x.WS",-0.0369578296705614,1975
"657","MJJ.x.WS",-0.0268558116514202,1976
"658","MJJ.x.WS",-0.0179955846857781,1977
"659","MJJ.x.WS",-0.0249138082646093,1978
"660","MJJ.x.WS",-0.0230937017227831,1979
"661","MJJ.x.WS",-0.0259661111172622,1980
"662","MJJ.x.WS",-0.0133677641372663,1981
"663","MJJ.x.WS",-0.022938931435696,1982
"664","MJJ.x.WS",-0.0198362522651488,1983
"665","MJJ.x.WS",-0.0163723721554449,1984
"666","MJJ.x.WS",-0.0196773108286437,1985
"667","MJJ.x.WS",-0.0163425522561773,1986
"668","MJJ.x.WS",-0.043809916171044,1987
"669","MJJ.x.WS",-0.0250695958227962,1988
"670","MJJ.x.WS",-0.0141894526974242,1989
"671","MJJ.x.WS",-0.0105052488200546,1990
"672","MJJ.x.WS",-0.0328162432163696,1991
"673","MJJ.x.WS",-0.00668540570120991,1992
"674","MJJ.x.WS",-0.0171972635390731,1993
"675","MJJ.x.WS",-0.0321749195298055,1994
"676","MJJ.x.WS",-0.0260100224156413,1995
"677","MJJ.x.WS",-0.0111538273791654,1996
"678","MJJ.x.WS",-0.0107070124640813,1997
"679","MJJ.x.WS",-0.0188692176047718,1998
"680","MJJ.x.WS",-0.00946603289900458,1999
"681","MJJ.x.WS",-0.0122881318129996,2000
"682","MJJ.x.WS",-0.0202584713525836,2001
"683","MJJ.x.WS",-0.0138103028451933,2002
"684","MJJ.x.WS",-0.0178124890853753,2003
"685","MJJ.x.WS",-0.0219662482650106,2004
"686","MJJ.x.WS",-0.0176870764153048,2005
"687","MJJ.x.WS",-0.0296859631957018,2006
"688","MJJ.x.WS",-0.0405805008627959,2007
"689","MJJ.x.WS",-0.0351019195807664,2008
"690","MJJ.x.WS",-0.0162140636804294,2009
"691","MJJ.x.WS",-0.0232781826785826,2010
"692","MJJ.x.WS",NA,2011
"693","MJJ.x.WS",NA,2012
"694","FMA.y.WS",0.0352369361705011,1950
"695","FMA.y.WS",0.0333532913894117,1951
"696","FMA.y.WS",0.0861935244174674,1952
"697","FMA.y.WS",0.0854844008313699,1953
"698","FMA.y.WS",0.0417629011336868,1954
"699","FMA.y.WS",0.0385154777799412,1955
"700","FMA.y.WS",0.0437999581034226,1956
"701","FMA.y.WS",0.0253827833807665,1957
"702","FMA.y.WS",0.011271663669403,1958
"703","FMA.y.WS",0.0580663325366475,1959
"704","FMA.y.WS",0.064537727753338,1960
"705","FMA.y.WS",0.0639384164048048,1961
"706","FMA.y.WS",0.0318189480449797,1962
"707","FMA.y.WS",0.0253394793061051,1963
"708","FMA.y.WS",0.0729350301937504,1964
"709","FMA.y.WS",0.0430123562239007,1965
"710","FMA.y.WS",0.0488226161633739,1966
"711","FMA.y.WS",0.00790506562393771,1967
"712","FMA.y.WS",0.0752255637651413,1968
"713","FMA.y.WS",0.0690155337498355,1969
"714","FMA.y.WS",0.0938058772374427,1970
"715","FMA.y.WS",0.0747740494752415,1971
"716","FMA.y.WS",0.0282886908777232,1972
"717","FMA.y.WS",0.060190407647665,1973
"718","FMA.y.WS",0.0491965514990827,1974
"719","FMA.y.WS",0.0380047466424466,1975
"720","FMA.y.WS",0.0567672267056036,1976
"721","FMA.y.WS",0.106531508016848,1977
"722","FMA.y.WS",0.0576881494482256,1978
"723","FMA.y.WS",0.0125191540560586,1979
"724","FMA.y.WS",0.0810252382631276,1980
"725","FMA.y.WS",0.0468702111056448,1981
"726","FMA.y.WS",0.0162195497912981,1982
"727","FMA.y.WS",0.0528681316301555,1983
"728","FMA.y.WS",0.0942160292890751,1984
"729","FMA.y.WS",0.0597945540094197,1985
"730","FMA.y.WS",0.0579016858428076,1986
"731","FMA.y.WS",0.070920257531826,1987
"732","FMA.y.WS",0.0923821556864789,1988
"733","FMA.y.WS",-0.0146157534020825,1989
"734","FMA.y.WS",0.0432589060404738,1990
"735","FMA.y.WS",0.0623296708331004,1991
"736","FMA.y.WS",0.0617650636597352,1992
"737","FMA.y.WS",0.0669496679213437,1993
"738","FMA.y.WS",0.0374366014729512,1994
"739","FMA.y.WS",0.05258419577014,1995
"740","FMA.y.WS",0.0395032915513959,1996
"741","FMA.y.WS",0.0642637358906305,1997
"742","FMA.y.WS",0.0808551683775818,1998
"743","FMA.y.WS",0.05355575546781,1999
"744","FMA.y.WS",0.0780883313467105,2000
"745","FMA.y.WS",0.0533584892139819,2001
"746","FMA.y.WS",0.0252302900498257,2002
"747","FMA.y.WS",0.0309189862640509,2003
"748","FMA.y.WS",0.0767087000508413,2004
"749","FMA.y.WS",0.0665505855706417,2005
"750","FMA.y.WS",0.0449036814084644,2006
"751","FMA.y.WS",0.0520777521870952,2007
"752","FMA.y.WS",0.0776706321113226,2008
"753","FMA.y.WS",0.0324261417011729,2009
"754","FMA.y.WS",0.105110407733634,2010
"755","FMA.y.WS",NA,2011
"756","FMA.y.WS",NA,2012
"757","MJJ.y.WS",0.0296753135805619,1950
"758","MJJ.y.WS",0.0161105575730121,1951
"759","MJJ.y.WS",0.0201923765969157,1952
"760","MJJ.y.WS",0.0171666053258411,1953
"761","MJJ.y.WS",0.0135780503869851,1954
"762","MJJ.y.WS",0.0256635607981218,1955
"763","MJJ.y.WS",0.0255390251438965,1956
"764","MJJ.y.WS",0.00899206862110683,1957
"765","MJJ.y.WS",0.0106003685571152,1958
"766","MJJ.y.WS",0.0168580442422421,1959
"767","MJJ.y.WS",0.0207301069544883,1960
"768","MJJ.y.WS",0.024422689317766,1961
"769","MJJ.y.WS",0.00857216366612361,1962
"770","MJJ.y.WS",0.0204026172690377,1963
"771","MJJ.y.WS",0.0147074225552994,1964
"772","MJJ.y.WS",0.0276374465049516,1965
"773","MJJ.y.WS",0.0194122405679183,1966
"774","MJJ.y.WS",0.00653910360375044,1967
"775","MJJ.y.WS",0.0154975209028365,1968
"776","MJJ.y.WS",0.0186693614397747,1969
"777","MJJ.y.WS",0.0382616138904942,1970
"778","MJJ.y.WS",0.0284998510610085,1971
"779","MJJ.y.WS",0.00978217198922738,1972
"780","MJJ.y.WS",0.034377461652622,1973
"781","MJJ.y.WS",0.0237227904688687,1974
"782","MJJ.y.WS",0.0333318178481595,1975
"783","MJJ.y.WS",0.0339381053341909,1976
"784","MJJ.y.WS",0.0169798392685236,1977
"785","MJJ.y.WS",0.0192639149787215,1978
"786","MJJ.y.WS",0.0211915030362164,1979
"787","MJJ.y.WS",0.0168679040680723,1980
"788","MJJ.y.WS",0.0126837509338589,1981
"789","MJJ.y.WS",0.0199109960471173,1982
"790","MJJ.y.WS",0.0140073173940344,1983
"791","MJJ.y.WS",0.0216328215771042,1984
"792","MJJ.y.WS",0.023111297369252,1985
"793","MJJ.y.WS",0.0166262738182384,1986
"794","MJJ.y.WS",0.0479571690682658,1987
"795","MJJ.y.WS",0.027500335371803,1988
"796","MJJ.y.WS",0.0106484858538294,1989
"797","MJJ.y.WS",0.00548727693564986,1990
"798","MJJ.y.WS",0.0270475425306897,1991
"799","MJJ.y.WS",0.0184304019925195,1992
"800","MJJ.y.WS",0.00460964804597939,1993
"801","MJJ.y.WS",0.0288629552792877,1994
"802","MJJ.y.WS",0.0170322082423506,1995
"803","MJJ.y.WS",0.00730644339599891,1996
"804","MJJ.y.WS",0.00662662757979517,1997
"805","MJJ.y.WS",0.0129572512674646,1998
"806","MJJ.y.WS",0.0192669915567152,1999
"807","MJJ.y.WS",0.0133146264287529,2000
"808","MJJ.y.WS",0.0365246078318975,2001
"809","MJJ.y.WS",0.0120069852501156,2002
"810","MJJ.y.WS",0.020674505965602,2003
"811","MJJ.y.WS",0.00219677777037456,2004
"812","MJJ.y.WS",0.00771197998309327,2005
"813","MJJ.y.WS",0.0328873346241852,2006
"814","MJJ.y.WS",0.0329617433201713,2007
"815","MJJ.y.WS",0.0380644453732573,2008
"816","MJJ.y.WS",0.00401715483181525,2009
"817","MJJ.y.WS",0.0239026917265114,2010
"818","MJJ.y.WS",NA,2011
"819","MJJ.y.WS",NA,2012
"820","MJJ.UW",-7.11111111111111,1950
"821","MJJ.UW",3.77777777777778,1951
"822","MJJ.UW",0.888888888888889,1952
"823","MJJ.UW",0.222222222222222,1953
"824","MJJ.UW",-3.88888888888889,1954
"825","MJJ.UW",0.222222222222222,1955
"826","MJJ.UW",0.333333333333333,1956
"827","MJJ.UW",-2.66666666666667,1957
"828","MJJ.UW",6.11111111111111,1958
"829","MJJ.UW",0.222222222222222,1959
"830","MJJ.UW",-3,1960
"831","MJJ.UW",-4.88888888888889,1961
"832","MJJ.UW",1.77777777777778,1962
"833","MJJ.UW",9.11111111111111,1963
"834","MJJ.UW",1.11111111111111,1964
"835","MJJ.UW",4.22222222222222,1965
"836","MJJ.UW",11.2222222222222,1966
"837","MJJ.UW",8,1967
"838","MJJ.UW",-0.666666666666667,1968
"839","MJJ.UW",2.33333333333333,1969
"840","MJJ.UW",-1.77777777777778,1970
"841","MJJ.UW",1.11111111111111,1971
"842","MJJ.UW",3.11111111111111,1972
"843","MJJ.UW",-5.22222222222222,1973
"844","MJJ.UW",4.55555555555556,1974
"845","MJJ.UW",-1,1975
"846","MJJ.UW",-2.77777777777778,1976
"847","MJJ.UW",1.44444444444444,1977
"848","MJJ.UW",8.66666666666667,1978
"849","MJJ.UW",-3.55555555555556,1979
"850","MJJ.UW",4,1980
"851","MJJ.UW",1.33333333333333,1981
"852","MJJ.UW",0.444444444444444,1982
"853","MJJ.UW",-3.44444444444444,1983
"854","MJJ.UW",-3.44444444444444,1984
"855","MJJ.UW",-0.555555555555555,1985
"856","MJJ.UW",-1.66666666666667,1986
"857","MJJ.UW",-13.2222222222222,1987
"858","MJJ.UW",-7.33333333333333,1988
"859","MJJ.UW",1.88888888888889,1989
"860","MJJ.UW",3.55555555555556,1990
"861","MJJ.UW",1.22222222222222,1991
"862","MJJ.UW",1.88888888888889,1992
"863","MJJ.UW",3.66666666666667,1993
"864","MJJ.UW",-3.66666666666667,1994
"865","MJJ.UW",1.11111111111111,1995
"866","MJJ.UW",2.22222222222222,1996
"867","MJJ.UW",0.777777777777778,1997
"868","MJJ.UW",10.8888888888889,1998
"869","MJJ.UW",-5,1999
"870","MJJ.UW",-1.33333333333333,2000
"871","MJJ.UW",-7.22222222222222,2001
"872","MJJ.UW",-2.77777777777778,2002
"873","MJJ.UW",-1.33333333333333,2003
"874","MJJ.UW",2.66666666666667,2004
"875","MJJ.UW",-2.33333333333333,2005
"876","MJJ.UW",1.33333333333333,2006
"877","MJJ.UW",-3.66666666666667,2007
"878","MJJ.UW",-1.55555555555556,2008
"879","MJJ.UW",4,2009
"880","MJJ.UW",-1.33333333333333,2010
"881","MJJ.UW",1.44444444444444,2011
"882","MJJ.UW",-7.88888888888889,2012
"883","FMA.SST",4.41237511511717,1950
"884","FMA.SST",4.09406930717985,1951
"885","FMA.SST",3.96695228164097,1952
"886","FMA.SST",4.77455051743457,1953
"887","FMA.SST",4.57138058631618,1954
"888","FMA.SST",5.04397868129199,1955
"889","FMA.SST",4.60606358800832,1956
"890","FMA.SST",4.77895558041236,1957
"891","FMA.SST",5.82520522079467,1958
"892","FMA.SST",5.26898115787755,1959
"893","FMA.SST",4.94020601048691,1960
"894","FMA.SST",5.25704201542787,1961
"895","FMA.SST",4.98196197062043,1962
"896","FMA.SST",5.44418507063873,1963
"897","FMA.SST",5.23007729099455,1964
"898","FMA.SST",4.20646953846363,1965
"899","FMA.SST",4.6423244697803,1966
"900","FMA.SST",4.52771850446488,1967
"901","FMA.SST",4.67341408034002,1968
"902","FMA.SST",3.93918007471035,1969
"903","FMA.SST",5.3324278816435,1970
"904","FMA.SST",3.97980325052979,1971
"905","FMA.SST",3.52014188255472,1972
"906","FMA.SST",4.28895259375763,1973
"907","FMA.SST",4.20504604949796,1974
"908","FMA.SST",4.3325665474488,1975
"909","FMA.SST",4.31161695766216,1976
"910","FMA.SST",5.43545268416832,1977
"911","FMA.SST",4.88351937753937,1978
"912","FMA.SST",5.02803432513049,1979
"913","FMA.SST",4.87176557452826,1980
"914","FMA.SST",5.47938449700757,1981
"915","FMA.SST",4.47024200139882,1982
"916","FMA.SST",5.49635872417773,1983
"917","FMA.SST",5.57885589869715,1984
"918","FMA.SST",5.08944593540216,1985
"919","FMA.SST",5.03150866028023,1986
"920","FMA.SST",5.62290877667106,1987
"921","FMA.SST",5.29767256253053,1988
"922","FMA.SST",4.51475507394753,1989
"923","FMA.SST",4.57424636695566,1990
"924","FMA.SST",4.63335443173544,1991
"925","FMA.SST",4.95902774391875,1992
"926","FMA.SST",4.82775048109116,1993
"927","FMA.SST",5.2871032197251,1994
"928","FMA.SST",4.51735507323933,1995
"929","FMA.SST",4.87190555024162,1996
"930","FMA.SST",4.81130235875156,1997
"931","FMA.SST",5.88607190588555,1998
"932","FMA.SST",4.84814186009772,1999
"933","FMA.SST",4.6525703507822,2000
"934","FMA.SST",5.19033499621903,2001
"935","FMA.SST",4.54228866797575,2002
"936","FMA.SST",5.9197148418163,2003
"937","FMA.SST",5.12907151760102,2004
"938","FMA.SST",5.48251297645092,2005
"939","FMA.SST",4.92434715241594,2006
"940","FMA.SST",4.25785071758974,2007
"941","FMA.SST",4.300957522595,2008
"942","FMA.SST",4.02175230695377,2009
"943","FMA.SST",5.19948108399074,2010
"944","FMA.SST",4.86874405723036,2011
"945","FMA.SST",4.11619122511194,2012
"946","MJJ.SST",7.87921842902141,1950
"947","MJJ.SST",8.6994758254166,1951
"948","MJJ.SST",8.52661392929106,1952
"949","MJJ.SST",9.22438240526283,1953
"950","MJJ.SST",8.95934508166282,1954
"951","MJJ.SST",8.39019433710326,1955
"952","MJJ.SST",9.0418317148219,1956
"953","MJJ.SST",9.84430804014087,1957
"954","MJJ.SST",9.97846590283452,1958
"955","MJJ.SST",9.48802329868459,1959
"956","MJJ.SST",9.08408471353446,1960
"957","MJJ.SST",9.58621292933849,1961
"958","MJJ.SST",9.12894379967898,1962
"959","MJJ.SST",9.31887177094638,1963
"960","MJJ.SST",8.47264193503579,1964
"961","MJJ.SST",7.64832780813361,1965
"962","MJJ.SST",8.38102455890276,1966
"963","MJJ.SST",9.29306838688658,1967
"964","MJJ.SST",9.59882595957603,1968
"965","MJJ.SST",8.53336258965679,1969
"966","MJJ.SST",8.55496932572376,1970
"967","MJJ.SST",7.31571077862352,1971
"968","MJJ.SST",7.78761742847539,1972
"969","MJJ.SST",8.2662534295105,1973
"970","MJJ.SST",8.75234135112292,1974
"971","MJJ.SST",7.68503967472124,1975
"972","MJJ.SST",8.17437755701178,1976
"973","MJJ.SST",9.61379470551752,1977
"974","MJJ.SST",8.70315919549249,1978
"975","MJJ.SST",9.29907172482162,1979
"976","MJJ.SST",8.86713891681003,1980
"977","MJJ.SST",10.2167414729827,1981
"978","MJJ.SST",7.94262636040557,1982
"979","MJJ.SST",10.0034821217083,1983
"980","MJJ.SST",9.93032540692903,1984
"981","MJJ.SST",8.16915721171882,1985
"982","MJJ.SST",8.45173561905375,1986
"983","MJJ.SST",8.76392713206992,1987
"984","MJJ.SST",9.08853302942235,1988
"985","MJJ.SST",9.17458002747865,1989
"986","MJJ.SST",9.51242466312253,1990
"987","MJJ.SST",8.79421775655107,1991
"988","MJJ.SST",9.11127557832434,1992
"989","MJJ.SST",9.97084921497057,1993
"990","MJJ.SST",9.42758362882041,1994
"991","MJJ.SST",9.19420732664902,1995
"992","MJJ.SST",9.38284127965582,1996
"993","MJJ.SST",10.2779648928499,1997
"994","MJJ.SST",9.48934872058009,1998
"995","MJJ.SST",8.16546160504822,1999
"996","MJJ.SST",9.28977910322207,2000
"997","MJJ.SST",9.09690259247562,2001
"998","MJJ.SST",9.21228176467666,2002
"999","MJJ.SST",9.92953401472757,2003
"1000","MJJ.SST",10.2677728351774,2004
"1001","MJJ.SST",10.8833692276982,2005
"1002","MJJ.SST",9.28227505075195,2006
"1003","MJJ.SST",8.83843595623604,2007
"1004","MJJ.SST",8.2885344568185,2008
"1005","MJJ.SST",8.99763670034778,2009
"1006","MJJ.SST",8.89964040728845,2010
"1007","MJJ.SST",9.24362162053696,2011
"1008","MJJ.SST",8.20916807915391,2012
"1009","Papa",47.777,1950
"1010","Papa",53.313,1951
"1011","Papa",49.818,1952
"1012","Papa",58.541,1953
"1013","Papa",55.92,1954
"1014","Papa",50.403,1955
"1015","Papa",49.452,1956
"1016","Papa",50.996,1957
"1017","Papa",55.635,1958
"1018","Papa",55.613,1959
"1019","Papa",56.912,1960
"1020","Papa",59.619,1961
"1021","Papa",52.124,1962
"1022","Papa",58.318,1963
"1023","Papa",58.22,1964
"1024","Papa",50.386,1965
"1025","Papa",50.677,1966
"1026","Papa",52.128,1967
"1027","Papa",54.059,1968
"1028","Papa",47.16,1969
"1029","Papa",59.623,1970
"1030","Papa",50.858,1971
"1031","Papa",48.873,1972
"1032","Papa",53.182,1973
"1033","Papa",54.093,1974
"1034","Papa",51.892,1975
"1035","Papa",56.161,1976
"1036","Papa",59.962,1977
"1037","Papa",55.095,1978
"1038","Papa",55.719,1979
"1039","Papa",55.2,1980
"1040","Papa",58.828,1981
"1041","Papa",50.642,1982
"1042","Papa",59.985,1983
"1043","Papa",57.881,1984
"1044","Papa",51.845,1985
"1045","Papa",58.294,1986
"1046","Papa",60.031,1987
"1047","Papa",53.998,1988
"1048","Papa",50.999,1989
"1049","Papa",59.24,1990
"1050","Papa",57.231,1991
"1051","Papa",59.71,1992
"1052","Papa",48.728,1993
"1053","Papa",59.718,1994
"1054","Papa",54.764,1995
"1055","Papa",53.916,1996
"1056","Papa",57.198,1997
"1057","Papa",59.582,1998
"1058","Papa",54.274,1999
"1059","Papa",55.366,2000
"1060","Papa",57.03,2001
"1061","Papa",51.239,2002
"1062","Papa",55.748,2003
"1063","Papa",54.614,2004
"1064","Papa",53.29,2005
"1065","Papa",55.42,2006
"1066","Papa",56.745,2007
"1067","Papa",51.95,2008
"1068","Papa",51.94,2009
"1069","Papa",54.747,2010
"1070","Papa",49.459,2011
"1071","Papa",58.846,2012
"1072","FMA.SSH",0.137236630770131,1950
"1073","FMA.SSH",0.0821604536514695,1951
"1074","FMA.SSH",0.131037637947175,1952
"1075","FMA.SSH",0.148018087535842,1953
"1076","FMA.SSH",0.112827352015103,1954
"1077","FMA.SSH",0.0762780685860337,1955
"1078","FMA.SSH",0.0826432409107239,1956
"1079","FMA.SSH",0.0715316394101689,1957
"1080","FMA.SSH",0.225187255187422,1958
"1081","FMA.SSH",0.124326731665776,1959
"1082","FMA.SSH",0.15388966324365,1960
"1083","FMA.SSH",0.166377430199844,1961
"1084","FMA.SSH",0.0801048413356846,1962
"1085","FMA.SSH",0.103247462354529,1963
"1086","FMA.SSH",0.0910292534456632,1964
"1087","FMA.SSH",0.0967458525258634,1965
"1088","FMA.SSH",0.133708582417323,1966
"1089","FMA.SSH",0.0726155310637381,1967
"1090","FMA.SSH",0.171335465683896,1968
"1091","FMA.SSH",0.162444875319289,1969
"1092","FMA.SSH",0.196042394815968,1970
"1093","FMA.SSH",0.128964780369758,1971
"1094","FMA.SSH",0.0998177444076755,1972
"1095","FMA.SSH",0.139334612186903,1973
"1096","FMA.SSH",0.137100367057018,1974
"1097","FMA.SSH",0.134362008367689,1975
"1098","FMA.SSH",0.110282650354326,1976
"1099","FMA.SSH",0.165076682697504,1977
"1100","FMA.SSH",0.204058386920354,1978
"1101","FMA.SSH",0.118431238987698,1979
"1102","FMA.SSH",0.204268884888062,1980
"1103","FMA.SSH",0.18504573337288,1981
"1104","FMA.SSH",0.133932504159773,1982
"1105","FMA.SSH",0.281439199661597,1983
"1106","FMA.SSH",0.204817782138657,1984
"1107","FMA.SSH",0.109331985840845,1985
"1108","FMA.SSH",0.184318520052311,1986
"1109","FMA.SSH",0.224814317165277,1987
"1110","FMA.SSH",0.169572534845171,1988
"1111","FMA.SSH",0.0908264974099843,1989
"1112","FMA.SSH",0.116910409901896,1990
"1113","FMA.SSH",0.117714814495486,1991
"1114","FMA.SSH",0.226636521989464,1992
"1115","FMA.SSH",0.225959573393194,1993
"1116","FMA.SSH",0.153038569406057,1994
"1117","FMA.SSH",0.192456102944337,1995
"1118","FMA.SSH",0.132165524344414,1996
"1119","FMA.SSH",0.168089813337876,1997
"1120","FMA.SSH",0.269399941002584,1998
"1121","FMA.SSH",0.140606059379175,1999
"1122","FMA.SSH",0.156736280431605,2000
"1123","FMA.SSH",0.104872681479901,2001
"1124","FMA.SSH",0.0911290954539759,2002
"1125","FMA.SSH",0.168336357647537,2003
"1126","FMA.SSH",0.178698251351842,2004
"1127","FMA.SSH",0.168653255764745,2005
"1128","FMA.SSH",0.140424309651821,2006
"1129","FMA.SSH",0.125446954748442,2007
"1130","FMA.SSH",0.098431416569998,2008
"1131","FMA.SSH",0.0579293028382847,2009
"1132","FMA.SSH",0.238156808110384,2010
"1133","FMA.SSH",NA,2011
"1134","FMA.SSH",NA,2012
"1135","MJJ.SSH",0.0344118271634153,1950
"1136","MJJ.SSH",0.0303639258091755,1951
"1137","MJJ.SSH",0.0503270948969393,1952
"1138","MJJ.SSH",0.0632409538548344,1953
"1139","MJJ.SSH",0.0440304738239576,1954
"1140","MJJ.SSH",0.0229560501180474,1955
"1141","MJJ.SSH",0.0337846858313001,1956
"1142","MJJ.SSH",0.049948851345107,1957
"1143","MJJ.SSH",0.0562992852550093,1958
"1144","MJJ.SSH",0.0390740504035871,1959
"1145","MJJ.SSH",0.0725607962084886,1960
"1146","MJJ.SSH",0.063375730795591,1961
"1147","MJJ.SSH",0.022772917254807,1962
"1148","MJJ.SSH",0.0500799090447652,1963
"1149","MJJ.SSH",0.0098958178441877,1964
"1150","MJJ.SSH",0.0431065058807107,1965
"1151","MJJ.SSH",0.037909633566416,1966
"1152","MJJ.SSH",0.0288285650377078,1967
"1153","MJJ.SSH",0.0562933482946112,1968
"1154","MJJ.SSH",0.08853873494917,1969
"1155","MJJ.SSH",0.0832409777320348,1970
"1156","MJJ.SSH",0.0526612965067705,1971
"1157","MJJ.SSH",0.0375400421015452,1972
"1158","MJJ.SSH",0.0778087144033012,1973
"1159","MJJ.SSH",0.0759182847319887,1974
"1160","MJJ.SSH",0.047139350340022,1975
"1161","MJJ.SSH",0.0872561398145353,1976
"1162","MJJ.SSH",0.0803418778074093,1977
"1163","MJJ.SSH",0.05375133065669,1978
"1164","MJJ.SSH",0.0629071091023138,1979
"1165","MJJ.SSH",0.103276295614485,1980
"1166","MJJ.SSH",0.0959168930179798,1981
"1167","MJJ.SSH",0.0819314828126604,1982
"1168","MJJ.SSH",0.1380813827372,1983
"1169","MJJ.SSH",0.0978519366465063,1984
"1170","MJJ.SSH",0.0743344724829046,1985
"1171","MJJ.SSH",0.0749652945938019,1986
"1172","MJJ.SSH",0.133437303663828,1987
"1173","MJJ.SSH",0.0962830215819881,1988
"1174","MJJ.SSH",0.0420267289817493,1989
"1175","MJJ.SSH",0.0550428848331555,1990
"1176","MJJ.SSH",0.0485815148970259,1991
"1177","MJJ.SSH",0.103676739296852,1992
"1178","MJJ.SSH",0.117058913498862,1993
"1179","MJJ.SSH",0.0988390528939219,1994
"1180","MJJ.SSH",0.0633261343834396,1995
"1181","MJJ.SSH",0.0514471206917904,1996
"1182","MJJ.SSH",0.111717145718061,1997
"1183","MJJ.SSH",0.0886964943466915,1998
"1184","MJJ.SSH",0.0264123339189563,1999
"1185","MJJ.SSH",0.0770666389805703,2000
"1186","MJJ.SSH",0.0702442435929791,2001
"1187","MJJ.SSH",0.0336620443634987,2002
"1188","MJJ.SSH",0.0985641772102596,2003
"1189","MJJ.SSH",0.0814291706515683,2004
"1190","MJJ.SSH",0.0976025748392965,2005
"1191","MJJ.SSH",0.105638336084592,2006
"1192","MJJ.SSH",0.0699532330792365,2007
"1193","MJJ.SSH",0.032305901274983,2008
"1194","MJJ.SSH",0.0389557970118916,2009
"1195","MJJ.SSH",0.088997169437671,2010
"1196","MJJ.SSH",NA,2011
"1197","MJJ.SSH",NA,2012
